"seq_unique","PCs","NA"
"seq1",1,0
"seq10",2,7
"seq100",0,1
"seq1000",0,1
"seq1001",0,1
"seq1002",0,2
"seq1003",0,1
"seq1004",0,1
"seq1005",0,10
"seq1006",0,1
"seq1007",0,3
"seq1008",0,1
"seq1009",0,1
"seq101",0,1
"seq1010",0,1
"seq1011",0,2
"seq1012",0,1
"seq1013",0,23
"seq1014",0,5
"seq1015",0,1
"seq1016",0,1
"seq1017",0,1
"seq1018",0,1
"seq1019",0,1
"seq102",0,5
"seq1020",0,1
"seq1021",0,1
"seq1022",0,3
"seq1023",0,1
"seq1024",0,1
"seq1025",0,4
"seq1026",0,1
"seq1027",0,17
"seq1028",0,9
"seq1029",0,1
"seq103",0,3
"seq1030",0,1
"seq1031",0,1
"seq1032",0,3
"seq1033",0,1
"seq1034",0,1
"seq1035",0,1
"seq1036",0,1
"seq1037",0,1
"seq1038",0,1
"seq1039",0,1
"seq104",0,1
"seq1040",0,6
"seq1041",0,1
"seq1042",0,1
"seq1043",0,1
"seq1044",0,3
"seq1045",0,1
"seq1046",0,5
"seq1047",0,3
"seq1048",0,2
"seq1049",0,1
"seq105",0,1
"seq1050",0,1
"seq1051",0,3
"seq1052",0,1
"seq1053",0,1
"seq1054",0,1
"seq1055",0,1
"seq1056",0,2
"seq1057",0,1
"seq1058",0,1
"seq1059",0,1
"seq106",0,3
"seq1060",0,1
"seq1061",0,7
"seq1062",0,1
"seq1063",0,1
"seq1064",0,1
"seq1065",0,26
"seq1066",0,2
"seq1067",0,11
"seq1068",0,1
"seq1069",0,3
"seq107",0,2
"seq1070",0,1
"seq1071",0,12
"seq1072",0,1
"seq1073",0,1
"seq1074",0,1
"seq1075",0,1
"seq1076",0,2
"seq1077",0,1
"seq1078",0,1
"seq1079",0,2
"seq108",0,5
"seq1080",0,14
"seq1081",0,3
"seq1082",0,1
"seq1083",0,1
"seq1084",0,1
"seq1085",0,1
"seq1086",0,1
"seq1087",0,1
"seq1088",0,3
"seq1089",0,1
"seq109",0,1
"seq1090",0,1
"seq1091",0,2
"seq1092",0,3
"seq1093",0,1
"seq1094",0,10
"seq1095",0,1
"seq1096",0,3
"seq1097",0,1
"seq1098",0,1
"seq1099",0,1
"seq11",1,0
"seq110",0,1
"seq1100",0,1
"seq1101",0,1
"seq1102",0,1
"seq1103",0,1
"seq1104",0,2
"seq1105",0,6
"seq1106",0,2
"seq1107",0,1
"seq1108",0,6
"seq1109",0,1
"seq111",0,1
"seq1110",0,1
"seq1111",0,1
"seq1112",0,1
"seq1113",0,5
"seq1114",0,2
"seq1115",0,1
"seq1116",0,1
"seq1117",0,1
"seq1118",0,1
"seq1119",0,1
"seq112",0,1
"seq1120",0,1
"seq1121",0,2
"seq1122",0,2
"seq1123",0,1
"seq1124",0,1
"seq1125",0,1
"seq1126",0,1
"seq1127",0,1
"seq1128",0,1
"seq1129",0,3
"seq113",0,3
"seq1130",0,1
"seq1131",0,1
"seq1132",0,1
"seq1133",0,1
"seq1134",0,1
"seq1135",0,1
"seq1136",0,3
"seq1137",0,5
"seq1138",0,1
"seq1139",0,1
"seq114",0,1
"seq1140",0,1
"seq1141",0,8
"seq1142",0,1
"seq1143",0,1
"seq1144",0,1
"seq1145",0,2
"seq1146",0,1
"seq1147",0,1
"seq1148",0,1
"seq1149",0,6
"seq115",0,1
"seq1150",0,3
"seq1151",0,2
"seq1152",0,1
"seq1153",0,1
"seq1154",0,1
"seq1155",0,2
"seq1156",0,2
"seq1157",0,1
"seq1158",0,1
"seq1159",0,1
"seq116",0,1
"seq1160",0,1
"seq1161",0,2
"seq1162",0,1
"seq1163",0,1
"seq1164",0,2
"seq1165",0,1
"seq1166",0,1
"seq1167",0,3
"seq1168",0,1
"seq1169",0,1
"seq117",0,1
"seq1170",0,1
"seq1171",0,1
"seq1172",0,1
"seq1173",0,8
"seq1174",0,1
"seq1175",0,1
"seq1176",0,1
"seq1177",0,1
"seq1178",0,1
"seq1179",0,1
"seq118",0,1
"seq1180",0,1
"seq1181",0,1
"seq1182",0,1
"seq1183",0,1
"seq1184",0,1
"seq1185",0,3
"seq1186",0,1
"seq1187",0,2
"seq1188",0,7
"seq1189",0,1
"seq119",0,1
"seq1190",0,1
"seq1191",0,1
"seq1192",0,1
"seq1193",0,1
"seq1194",0,1
"seq1195",0,1
"seq1196",0,1
"seq1197",0,1
"seq1198",0,1
"seq1199",0,10
"seq12",1,1
"seq120",0,1
"seq1200",0,5
"seq1201",0,1
"seq1202",0,1
"seq1203",0,1
"seq1204",0,1
"seq1205",0,4
"seq1206",0,2
"seq1207",0,3
"seq1208",0,1
"seq1209",0,1
"seq121",0,1
"seq1210",0,1
"seq1211",0,1
"seq1212",0,1
"seq1213",0,1
"seq1214",0,1
"seq1215",0,1
"seq1216",0,1
"seq1217",0,2
"seq1218",0,2
"seq1219",0,1
"seq122",0,2
"seq1220",0,1
"seq1221",0,1
"seq1222",0,2
"seq1223",0,8
"seq1224",0,3
"seq1225",0,2
"seq1226",0,1
"seq1227",0,1
"seq1228",0,1
"seq1229",0,5
"seq123",0,1
"seq1230",0,1
"seq1231",0,4
"seq1232",0,1
"seq1233",0,1
"seq1234",0,1
"seq1235",0,1
"seq1236",0,1
"seq1237",0,6
"seq1238",0,2
"seq1239",0,1
"seq124",0,1
"seq1240",0,1
"seq1241",0,1
"seq1242",0,1
"seq1243",0,1
"seq1244",0,7
"seq1245",0,1
"seq1246",0,1
"seq1247",0,1
"seq1248",0,1
"seq1249",0,1
"seq125",0,4
"seq1250",0,3
"seq1251",0,1
"seq1252",0,1
"seq1253",0,1
"seq1254",0,1
"seq1255",0,1
"seq1256",0,1
"seq1257",0,1
"seq1258",0,1
"seq1259",0,1
"seq126",0,1
"seq1260",0,3
"seq1261",0,1
"seq1262",0,1
"seq1263",0,3
"seq1264",0,1
"seq1265",0,1
"seq1266",0,1
"seq1267",0,1
"seq1268",0,1
"seq1269",0,1
"seq127",0,1
"seq1270",0,1
"seq1271",0,1
"seq1272",0,1
"seq1273",0,1
"seq1274",0,7
"seq1275",0,1
"seq1276",0,1
"seq1277",0,1
"seq1278",0,4
"seq1279",0,1
"seq128",0,6
"seq1280",0,1
"seq1281",0,1
"seq1282",0,1
"seq1283",0,7
"seq1284",0,1
"seq1285",0,1
"seq1286",0,3
"seq1287",0,2
"seq1288",0,4
"seq1289",0,1
"seq129",0,1
"seq1290",0,1
"seq1291",0,1
"seq1292",0,1
"seq1293",0,1
"seq1294",0,1
"seq1295",0,7
"seq1296",0,1
"seq1297",0,1
"seq1298",0,1
"seq1299",0,1
"seq13",1,1
"seq130",0,1
"seq1300",0,2
"seq1301",0,1
"seq1302",0,1
"seq1303",0,1
"seq1304",0,1
"seq1305",0,1
"seq1306",0,1
"seq1307",0,1
"seq1308",0,3
"seq1309",0,1
"seq131",0,1
"seq1310",0,2
"seq1311",0,1
"seq1312",0,1
"seq1313",0,3
"seq1314",0,1
"seq1315",0,1
"seq1316",0,1
"seq1317",0,4
"seq1318",0,1
"seq1319",0,1
"seq132",0,3
"seq1320",0,1
"seq1321",0,1
"seq1322",0,1
"seq1323",0,5
"seq1324",0,2
"seq1325",0,1
"seq1326",0,1
"seq1327",0,1
"seq1328",0,1
"seq1329",0,1
"seq133",0,1
"seq1330",0,1
"seq1331",0,1
"seq1332",0,1
"seq1333",0,1
"seq1334",0,1
"seq1335",0,1
"seq1336",0,1
"seq1337",0,1
"seq1338",0,1
"seq1339",0,2
"seq134",0,1
"seq1340",0,5
"seq1341",0,1
"seq1342",0,1
"seq1343",0,1
"seq1344",0,1
"seq1345",0,2
"seq1346",0,1
"seq1347",0,1
"seq1348",0,1
"seq1349",0,1
"seq135",0,1
"seq1350",0,1
"seq1351",0,1
"seq1352",0,1
"seq1353",0,1
"seq1354",0,1
"seq1355",0,1
"seq1356",0,1
"seq1357",0,1
"seq1358",0,1
"seq1359",0,1
"seq136",0,1
"seq1360",0,1
"seq1361",0,1
"seq1362",0,1
"seq1363",0,1
"seq1364",0,1
"seq1365",0,2
"seq1366",0,1
"seq1367",0,1
"seq1368",0,1
"seq1369",0,1
"seq137",0,1
"seq1370",0,2
"seq1371",0,2
"seq1372",0,1
"seq1373",0,1
"seq1374",0,1
"seq1375",0,1
"seq1376",0,6
"seq1377",0,1
"seq1378",0,2
"seq1379",0,1
"seq138",0,1
"seq1380",0,1
"seq1381",0,1
"seq1382",0,1
"seq1383",0,2
"seq1384",0,1
"seq1385",0,1
"seq1386",0,1
"seq1387",0,1
"seq1388",0,1
"seq1389",0,1
"seq139",0,1
"seq1390",0,1
"seq1391",0,2
"seq1392",0,1
"seq1393",0,1
"seq1394",0,1
"seq1395",0,1
"seq1396",0,1
"seq1397",0,1
"seq1398",0,2
"seq1399",0,1
"seq14",2,9
"seq140",0,1
"seq1400",0,1
"seq1401",0,1
"seq1402",0,1
"seq1403",0,1
"seq1404",0,1
"seq1405",0,2
"seq1406",0,1
"seq1407",0,3
"seq1408",0,1
"seq1409",0,1
"seq141",0,8
"seq1410",0,1
"seq1411",0,1
"seq1412",0,1
"seq1413",0,1
"seq1414",0,6
"seq1415",0,1
"seq1416",0,3
"seq1417",0,1
"seq1418",0,1
"seq1419",0,1
"seq142",0,5
"seq1420",0,1
"seq1421",0,1
"seq1422",0,1
"seq1423",0,1
"seq1424",0,1
"seq1425",0,3
"seq1426",0,1
"seq1427",0,3
"seq1428",0,1
"seq1429",0,1
"seq143",0,4
"seq1430",0,1
"seq1431",0,1
"seq1432",0,1
"seq1433",0,1
"seq1434",0,1
"seq1435",0,1
"seq1436",0,1
"seq1437",0,1
"seq1438",0,1
"seq1439",0,9
"seq144",0,1
"seq1440",0,1
"seq1441",0,1
"seq1442",0,1
"seq1443",0,1
"seq1444",0,9
"seq1445",0,1
"seq1446",0,1
"seq1447",0,1
"seq1448",0,1
"seq1449",0,1
"seq145",0,1
"seq1450",0,1
"seq1451",0,5
"seq1452",0,1
"seq1453",0,3
"seq1454",0,1
"seq1455",0,1
"seq1456",0,1
"seq1457",0,1
"seq1458",0,1
"seq1459",0,1
"seq146",0,2
"seq1460",0,1
"seq1461",0,1
"seq1462",0,1
"seq1463",0,2
"seq1464",0,1
"seq1465",0,1
"seq1466",0,1
"seq1467",0,1
"seq1468",0,1
"seq1469",0,1
"seq147",0,2
"seq1470",0,2
"seq1471",0,1
"seq1472",0,1
"seq1473",0,1
"seq1474",0,2
"seq1475",0,2
"seq1476",0,1
"seq1477",0,1
"seq1478",0,1
"seq1479",0,1
"seq148",0,1
"seq1480",0,1
"seq1481",0,2
"seq1482",0,1
"seq1483",0,1
"seq1484",0,1
"seq1485",0,1
"seq1486",0,1
"seq1487",0,2
"seq1488",0,1
"seq1489",0,1
"seq149",0,1
"seq1490",0,1
"seq1491",0,1
"seq1492",0,1
"seq1493",0,1
"seq1494",0,1
"seq1495",0,1
"seq1496",0,4
"seq1497",0,1
"seq1498",0,1
"seq1499",0,5
"seq15",1,0
"seq150",0,1
"seq1500",0,1
"seq1501",0,1
"seq1502",0,1
"seq1503",0,1
"seq1504",0,1
"seq1505",0,3
"seq1506",0,1
"seq1507",0,4
"seq1508",0,1
"seq1509",0,1
"seq151",0,2
"seq1510",0,1
"seq1511",0,2
"seq1512",0,2
"seq1513",0,1
"seq1514",0,2
"seq1515",0,1
"seq1516",0,1
"seq1517",0,7
"seq1518",0,1
"seq1519",0,1
"seq152",0,1
"seq1520",0,1
"seq1521",0,1
"seq1522",0,1
"seq1523",0,1
"seq1524",0,1
"seq1525",0,1
"seq1526",0,1
"seq1527",0,1
"seq1528",0,2
"seq1529",0,1
"seq153",0,1
"seq1530",0,1
"seq1531",0,1
"seq1532",0,1
"seq1533",0,1
"seq1534",0,1
"seq1535",0,1
"seq1536",0,1
"seq1537",0,1
"seq1538",0,1
"seq1539",0,1
"seq154",0,1
"seq1540",0,1
"seq1541",0,1
"seq1542",0,1
"seq1543",0,1
"seq1544",0,1
"seq1545",0,1
"seq1546",0,4
"seq1547",0,4
"seq1548",0,1
"seq1549",0,4
"seq155",0,1
"seq1550",0,1
"seq1551",0,1
"seq1552",0,1
"seq1553",0,1
"seq1554",0,3
"seq1555",0,1
"seq1556",0,1
"seq1557",0,1
"seq1558",0,1
"seq1559",0,1
"seq156",0,1
"seq1560",0,4
"seq1561",0,1
"seq1562",0,1
"seq1563",0,1
"seq1564",0,2
"seq1565",0,1
"seq1566",0,5
"seq1567",0,1
"seq1568",0,1
"seq1569",0,3
"seq157",0,1
"seq1570",0,3
"seq1571",0,1
"seq1572",0,7
"seq1573",0,1
"seq1574",0,1
"seq1575",0,1
"seq1576",0,4
"seq1577",0,1
"seq1578",0,1
"seq1579",0,1
"seq158",0,1
"seq1580",0,2
"seq1581",0,1
"seq1582",0,1
"seq1583",0,1
"seq1584",0,1
"seq1585",0,1
"seq1586",0,1
"seq1587",0,1
"seq1588",0,1
"seq1589",0,1
"seq159",0,1
"seq1590",0,1
"seq1591",0,4
"seq1592",0,3
"seq1593",0,1
"seq1594",0,1
"seq1595",0,1
"seq1596",0,1
"seq1597",0,1
"seq1598",0,1
"seq1599",0,1
"seq16",1,0
"seq160",0,1
"seq1600",0,1
"seq1601",0,1
"seq1602",0,1
"seq1603",0,1
"seq1604",0,3
"seq1605",0,1
"seq1606",0,1
"seq1607",0,2
"seq1608",0,2
"seq1609",0,1
"seq161",0,1
"seq1610",0,1
"seq1611",0,1
"seq1612",0,1
"seq1613",0,2
"seq1614",0,1
"seq1615",0,2
"seq1616",0,1
"seq1617",0,2
"seq1618",0,1
"seq1619",0,1
"seq162",0,1
"seq1620",0,1
"seq1621",0,1
"seq1622",0,3
"seq1623",0,2
"seq1624",0,3
"seq1625",0,1
"seq1626",0,1
"seq1627",0,1
"seq1628",0,1
"seq1629",0,1
"seq163",0,1
"seq1630",0,1
"seq1631",0,1
"seq1632",0,1
"seq1633",0,1
"seq1634",0,1
"seq1635",0,1
"seq1636",0,1
"seq1637",0,1
"seq1638",0,1
"seq1639",0,1
"seq164",0,1
"seq1640",0,1
"seq1641",0,1
"seq1642",0,3
"seq1643",0,1
"seq1644",0,1
"seq1645",0,1
"seq1646",0,1
"seq1647",0,4
"seq1648",0,1
"seq1649",0,1
"seq165",0,1
"seq1650",0,1
"seq1651",0,1
"seq1652",0,1
"seq1653",0,2
"seq1654",0,2
"seq1655",0,1
"seq1656",0,3
"seq1657",0,1
"seq1658",0,3
"seq1659",0,1
"seq166",0,1
"seq1660",0,1
"seq1661",0,1
"seq1662",0,1
"seq1663",0,1
"seq1664",0,1
"seq1665",0,1
"seq1666",0,1
"seq1667",0,1
"seq1668",0,2
"seq1669",0,1
"seq167",0,1
"seq1670",0,1
"seq1671",0,1
"seq1672",0,2
"seq1673",0,1
"seq1674",0,1
"seq1675",0,1
"seq1676",0,1
"seq1677",0,1
"seq1678",0,1
"seq1679",0,1
"seq168",0,1
"seq1680",0,1
"seq1681",0,1
"seq1682",0,1
"seq1683",0,1
"seq1684",0,1
"seq1685",0,1
"seq1686",0,1
"seq1687",0,1
"seq1688",0,1
"seq1689",0,1
"seq169",0,2
"seq1690",0,1
"seq1691",0,1
"seq1692",0,1
"seq1693",0,1
"seq1694",0,1
"seq1695",0,1
"seq1696",0,1
"seq1697",0,3
"seq1698",0,1
"seq1699",0,1
"seq17",1,0
"seq170",0,1
"seq1700",0,1
"seq1701",0,1
"seq1702",0,1
"seq1703",0,1
"seq1704",0,1
"seq1705",0,1
"seq1706",0,1
"seq1707",0,1
"seq1708",0,1
"seq1709",0,1
"seq171",0,1
"seq1710",0,1
"seq1711",0,1
"seq1712",0,1
"seq1713",0,1
"seq1714",0,1
"seq1715",0,1
"seq1716",0,1
"seq1717",0,1
"seq1718",0,1
"seq1719",0,1
"seq172",0,1
"seq1720",0,2
"seq1721",0,1
"seq1722",0,1
"seq1723",0,1
"seq1724",0,1
"seq1725",0,2
"seq1726",0,1
"seq1727",0,1
"seq1728",0,4
"seq1729",0,1
"seq173",0,1
"seq1730",0,1
"seq1731",0,1
"seq1732",0,1
"seq1733",0,3
"seq1734",0,1
"seq1735",0,1
"seq1736",0,1
"seq1737",0,1
"seq1738",0,1
"seq1739",0,1
"seq174",0,1
"seq1740",0,1
"seq1741",0,1
"seq1742",0,2
"seq1743",0,1
"seq1744",0,2
"seq1745",0,1
"seq1746",0,1
"seq1747",0,1
"seq1748",0,1
"seq1749",0,1
"seq175",0,1
"seq1750",0,1
"seq1751",0,2
"seq1752",0,1
"seq1753",0,1
"seq1754",0,1
"seq1755",0,1
"seq1756",0,1
"seq1757",0,1
"seq1758",0,1
"seq1759",0,1
"seq176",0,1
"seq1760",0,1
"seq1761",0,1
"seq1762",0,1
"seq1763",0,1
"seq1764",0,1
"seq1765",0,1
"seq1766",0,1
"seq1767",0,1
"seq1768",0,2
"seq1769",0,1
"seq177",0,1
"seq1770",0,1
"seq1771",0,1
"seq1772",0,1
"seq1773",0,1
"seq1774",0,1
"seq1775",0,1
"seq1776",0,1
"seq1777",0,1
"seq1778",0,1
"seq1779",0,1
"seq178",0,1
"seq1780",0,1
"seq1781",0,1
"seq1782",0,1
"seq1783",0,1
"seq1784",0,1
"seq1785",0,1
"seq1786",0,1
"seq1787",0,1
"seq1788",0,1
"seq1789",0,4
"seq179",0,3
"seq1790",0,1
"seq1791",0,2
"seq1792",0,1
"seq1793",0,1
"seq1794",0,4
"seq1795",0,1
"seq1796",0,1
"seq1797",0,1
"seq1798",0,1
"seq1799",0,1
"seq18",1,0
"seq180",0,9
"seq1800",0,1
"seq1801",0,1
"seq1802",0,1
"seq1803",0,1
"seq1804",0,1
"seq1805",0,1
"seq1806",0,1
"seq1807",0,1
"seq1808",0,1
"seq1809",0,1
"seq181",0,1
"seq1810",0,1
"seq1811",0,2
"seq1812",0,1
"seq1813",0,1
"seq1814",0,1
"seq1815",0,1
"seq1816",0,1
"seq1817",0,1
"seq1818",0,1
"seq1819",0,1
"seq182",0,1
"seq1820",0,1
"seq1821",0,1
"seq1822",0,1
"seq1823",0,1
"seq1824",0,1
"seq1825",0,1
"seq1826",0,1
"seq1827",0,1
"seq1828",0,1
"seq1829",0,2
"seq183",0,3
"seq1830",0,1
"seq1831",0,1
"seq1832",0,1
"seq1833",0,3
"seq1834",0,1
"seq1835",0,1
"seq1836",0,1
"seq1837",0,1
"seq1838",0,1
"seq1839",0,1
"seq184",0,1
"seq1840",0,1
"seq1841",0,1
"seq1842",0,1
"seq1843",0,1
"seq1844",0,1
"seq1845",0,1
"seq1846",0,1
"seq1847",0,1
"seq1848",0,1
"seq1849",0,1
"seq185",0,1
"seq1850",0,1
"seq1851",0,1
"seq1852",0,1
"seq1853",0,1
"seq1854",0,1
"seq1855",0,1
"seq1856",0,2
"seq1857",0,1
"seq1858",0,1
"seq1859",0,1
"seq186",0,2
"seq1860",0,1
"seq1861",0,1
"seq1862",0,1
"seq1863",0,1
"seq1864",0,2
"seq1865",0,1
"seq1866",0,1
"seq1867",0,1
"seq1868",0,1
"seq1869",0,1
"seq187",0,1
"seq1870",0,1
"seq1871",0,1
"seq1872",0,2
"seq1873",0,1
"seq1874",0,2
"seq1875",0,1
"seq1876",0,1
"seq1877",0,1
"seq1878",0,1
"seq1879",0,1
"seq188",0,1
"seq1880",0,1
"seq1881",0,1
"seq1882",0,1
"seq1883",0,1
"seq1884",0,1
"seq1885",0,1
"seq1886",0,2
"seq1887",0,1
"seq1888",0,1
"seq1889",0,1
"seq189",0,1
"seq1890",0,1
"seq1891",0,1
"seq1892",0,1
"seq1893",0,1
"seq1894",0,1
"seq1895",0,1
"seq1896",0,1
"seq1897",0,1
"seq1898",0,1
"seq1899",0,1
"seq19",2,30
"seq190",0,1
"seq1900",0,1
"seq1901",0,1
"seq1902",0,1
"seq1903",0,1
"seq1904",0,1
"seq1905",0,1
"seq1906",0,1
"seq1907",0,1
"seq1908",0,1
"seq1909",0,1
"seq191",0,1
"seq1910",0,1
"seq1911",0,1
"seq1912",0,1
"seq1913",0,1
"seq1914",0,1
"seq1915",0,1
"seq1916",0,1
"seq1917",0,2
"seq1918",0,1
"seq1919",0,1
"seq192",0,1
"seq1920",0,1
"seq1921",0,1
"seq1922",0,1
"seq1923",0,1
"seq1924",0,1
"seq1925",0,1
"seq1926",0,1
"seq1927",0,1
"seq1928",0,1
"seq1929",0,1
"seq193",0,2
"seq1930",0,1
"seq1931",0,1
"seq1932",0,1
"seq1933",0,1
"seq1934",0,1
"seq1935",0,1
"seq1936",0,1
"seq1937",0,1
"seq1938",0,1
"seq1939",0,1
"seq194",0,2
"seq1940",0,1
"seq1941",0,1
"seq1942",0,2
"seq1943",0,1
"seq1944",0,1
"seq1945",0,1
"seq1946",0,1
"seq1947",0,1
"seq1948",0,1
"seq1949",0,1
"seq195",0,1
"seq1950",0,1
"seq1951",0,1
"seq1952",0,1
"seq1953",0,1
"seq1954",0,1
"seq1955",0,1
"seq1956",0,2
"seq1957",0,2
"seq1958",0,1
"seq1959",0,2
"seq196",0,1
"seq1960",0,1
"seq1961",0,1
"seq1962",0,1
"seq1963",0,1
"seq1964",0,1
"seq1965",0,1
"seq1966",0,1
"seq1967",0,1
"seq1968",0,2
"seq1969",0,3
"seq197",0,1
"seq1970",0,1
"seq1971",0,1
"seq1972",0,1
"seq1973",0,1
"seq1974",0,1
"seq1975",0,1
"seq1976",0,1
"seq1977",0,1
"seq1978",0,1
"seq1979",0,1
"seq198",0,1
"seq1980",0,1
"seq1981",0,1
"seq1982",0,1
"seq1983",0,2
"seq1984",0,2
"seq1985",0,1
"seq1986",0,1
"seq1987",0,1
"seq1988",0,1
"seq1989",0,1
"seq199",0,1
"seq1990",0,1
"seq1991",0,1
"seq1992",0,1
"seq1993",0,1
"seq1994",0,1
"seq1995",0,1
"seq1996",0,1
"seq1997",0,1
"seq1998",0,1
"seq1999",0,1
"seq2",2,0
"seq20",2,16
"seq200",0,1
"seq2000",0,1
"seq2001",0,1
"seq2002",0,1
"seq2003",0,2
"seq2004",0,1
"seq2005",0,1
"seq2006",0,1
"seq2007",0,1
"seq2008",0,1
"seq2009",0,1
"seq201",0,1
"seq2010",0,1
"seq2011",0,1
"seq2012",0,1
"seq2013",0,1
"seq2014",0,1
"seq2015",0,1
"seq2016",0,1
"seq2017",0,1
"seq2018",0,1
"seq2019",0,1
"seq202",0,1
"seq2020",0,1
"seq2021",0,1
"seq2022",0,1
"seq2023",0,1
"seq2024",0,1
"seq2025",0,1
"seq2026",0,1
"seq2027",0,1
"seq2028",0,1
"seq2029",0,1
"seq203",0,1
"seq2030",0,1
"seq2031",0,1
"seq2032",0,1
"seq2033",0,1
"seq2034",0,1
"seq2035",0,1
"seq2036",0,2
"seq2037",0,1
"seq2038",0,1
"seq2039",0,1
"seq204",0,1
"seq2040",0,1
"seq2041",0,1
"seq2042",0,1
"seq2043",0,1
"seq2044",0,1
"seq2045",0,1
"seq2046",0,1
"seq2047",0,1
"seq2048",0,1
"seq2049",0,1
"seq205",0,1
"seq2050",0,1
"seq2051",0,1
"seq2052",0,1
"seq2053",0,1
"seq2054",0,1
"seq2055",0,1
"seq2056",0,1
"seq2057",0,1
"seq2058",0,1
"seq2059",0,1
"seq206",0,1
"seq2060",0,1
"seq2061",0,1
"seq2062",0,1
"seq2063",0,1
"seq2064",0,1
"seq2065",0,1
"seq2066",0,1
"seq2067",0,1
"seq2068",0,1
"seq2069",0,1
"seq207",0,1
"seq2070",0,1
"seq2071",0,1
"seq2072",0,1
"seq2073",0,4
"seq2074",0,4
"seq2075",0,1
"seq2076",0,1
"seq2077",0,1
"seq2078",0,1
"seq2079",0,1
"seq208",0,1
"seq2080",0,1
"seq2081",0,1
"seq2082",0,3
"seq2083",0,1
"seq2084",0,2
"seq2085",0,4
"seq2086",0,1
"seq2087",0,1
"seq2088",0,1
"seq2089",0,1
"seq209",0,1
"seq2090",0,1
"seq2091",0,1
"seq2092",0,3
"seq2093",0,1
"seq2094",0,1
"seq2095",0,1
"seq2096",0,6
"seq2097",0,2
"seq2098",0,2
"seq2099",0,1
"seq21",1,3
"seq210",0,1
"seq2100",0,1
"seq2101",0,1
"seq2102",0,1
"seq2103",0,1
"seq2104",0,1
"seq2105",0,1
"seq2106",0,1
"seq2107",0,1
"seq2108",0,1
"seq2109",0,3
"seq211",0,1
"seq2110",0,2
"seq2111",0,1
"seq2112",0,1
"seq2113",0,1
"seq2114",0,1
"seq2115",0,3
"seq2116",0,1
"seq2117",0,1
"seq2118",0,1
"seq2119",0,1
"seq212",0,1
"seq2120",0,4
"seq2121",0,1
"seq2122",0,2
"seq2123",0,2
"seq2124",0,2
"seq2125",0,1
"seq2126",0,4
"seq2127",0,1
"seq2128",0,1
"seq2129",0,2
"seq213",0,1
"seq2130",0,1
"seq2131",0,2
"seq2132",0,1
"seq2133",0,2
"seq2134",0,3
"seq2135",0,1
"seq2136",0,1
"seq2137",0,2
"seq2138",0,3
"seq2139",0,1
"seq214",0,1
"seq2140",0,1
"seq2141",0,1
"seq2142",0,1
"seq2143",0,2
"seq2144",0,1
"seq2145",0,1
"seq2146",0,1
"seq2147",0,1
"seq2148",0,1
"seq2149",0,1
"seq215",0,1
"seq2150",0,2
"seq2151",0,1
"seq2152",0,1
"seq2153",0,2
"seq2154",0,1
"seq2155",0,1
"seq2156",0,1
"seq2157",0,1
"seq2158",0,1
"seq2159",0,1
"seq216",0,1
"seq2160",0,1
"seq2161",0,1
"seq2162",0,1
"seq2163",0,1
"seq2164",0,1
"seq2165",0,1
"seq2166",0,1
"seq2167",0,1
"seq2168",0,1
"seq2169",0,1
"seq217",0,1
"seq2170",0,4
"seq2171",0,1
"seq2172",0,1
"seq2173",0,1
"seq2174",0,1
"seq2175",0,2
"seq2176",0,1
"seq2177",0,1
"seq2178",0,1
"seq2179",0,1
"seq218",0,1
"seq2180",0,1
"seq2181",0,1
"seq2182",0,1
"seq2183",0,1
"seq2184",0,1
"seq2185",0,1
"seq2186",0,1
"seq2187",0,1
"seq2188",0,1
"seq2189",0,1
"seq219",0,2
"seq2190",0,1
"seq2191",0,1
"seq2192",0,2
"seq2193",0,1
"seq2194",0,2
"seq2195",0,1
"seq2196",0,1
"seq2197",0,1
"seq2198",0,8
"seq2199",0,1
"seq22",1,0
"seq220",0,1
"seq2200",0,1
"seq2201",0,1
"seq2202",0,1
"seq2203",0,1
"seq2204",0,1
"seq2205",0,1
"seq2206",0,1
"seq2207",0,2
"seq2208",0,1
"seq2209",0,1
"seq221",0,2
"seq2210",0,1
"seq2211",0,1
"seq2212",0,1
"seq2213",0,1
"seq2214",0,1
"seq2215",0,3
"seq2216",0,3
"seq2217",0,1
"seq2218",0,1
"seq2219",0,1
"seq222",0,1
"seq2220",0,5
"seq2221",0,1
"seq2222",0,2
"seq2223",0,1
"seq2224",0,1
"seq2225",0,1
"seq2226",0,4
"seq2227",0,4
"seq2228",0,1
"seq2229",0,2
"seq223",0,1
"seq2230",0,1
"seq2231",0,1
"seq2232",0,1
"seq2233",0,1
"seq2234",0,1
"seq2235",0,1
"seq2236",0,2
"seq2237",0,1
"seq2238",0,3
"seq2239",0,1
"seq224",0,2
"seq2240",0,1
"seq2241",0,1
"seq2242",0,1
"seq2243",0,1
"seq2244",0,1
"seq2245",0,1
"seq2246",0,1
"seq2247",0,1
"seq2248",0,1
"seq2249",0,1
"seq225",0,1
"seq2250",0,1
"seq2251",0,1
"seq2252",0,1
"seq2253",0,1
"seq2254",0,1
"seq2255",0,1
"seq2256",0,1
"seq2257",0,1
"seq2258",0,1
"seq2259",0,1
"seq226",0,1
"seq2260",0,2
"seq2261",0,1
"seq2262",0,1
"seq2263",0,1
"seq2264",0,2
"seq2265",0,1
"seq2266",0,1
"seq2267",0,1
"seq2268",0,3
"seq2269",0,2
"seq227",0,1
"seq2270",0,1
"seq2271",0,1
"seq2272",0,1
"seq2273",0,1
"seq2274",0,1
"seq2275",0,1
"seq2276",0,1
"seq2277",0,1
"seq2278",0,1
"seq2279",0,1
"seq228",0,1
"seq2280",0,1
"seq2281",0,1
"seq2282",0,1
"seq2283",0,3
"seq2284",0,1
"seq2285",0,1
"seq2286",0,1
"seq2287",0,1
"seq2288",0,1
"seq2289",0,1
"seq229",0,3
"seq2290",0,2
"seq2291",0,1
"seq2292",0,1
"seq2293",0,1
"seq2294",0,1
"seq2295",0,1
"seq2296",0,1
"seq2297",0,1
"seq2298",0,1
"seq2299",0,4
"seq23",1,0
"seq230",0,1
"seq2300",0,1
"seq2301",0,1
"seq2302",0,1
"seq2303",0,1
"seq2304",0,1
"seq2305",0,1
"seq2306",0,1
"seq2307",0,1
"seq2308",0,1
"seq2309",0,3
"seq231",0,1
"seq2310",0,1
"seq2311",0,2
"seq2312",0,1
"seq2313",0,1
"seq2314",0,3
"seq2315",0,1
"seq2316",0,1
"seq2317",0,1
"seq2318",0,1
"seq2319",0,1
"seq232",0,1
"seq2320",0,2
"seq2321",0,1
"seq2322",0,1
"seq2323",0,1
"seq2324",0,1
"seq2325",0,1
"seq2326",0,1
"seq2327",0,1
"seq2328",0,2
"seq2329",0,1
"seq233",0,1
"seq2330",0,1
"seq2331",0,2
"seq2332",0,2
"seq2333",0,1
"seq2334",0,1
"seq2335",0,1
"seq2336",0,1
"seq2337",0,1
"seq2338",0,1
"seq2339",0,1
"seq234",0,1
"seq2340",0,1
"seq2341",0,1
"seq2342",0,1
"seq2343",0,1
"seq2344",0,1
"seq2345",0,1
"seq2346",0,1
"seq2347",0,1
"seq2348",0,1
"seq2349",0,1
"seq235",0,1
"seq2350",0,1
"seq2351",0,1
"seq2352",0,1
"seq2353",0,1
"seq2354",0,1
"seq2355",0,3
"seq2356",0,1
"seq2357",0,1
"seq2358",0,1
"seq2359",0,1
"seq236",0,1
"seq2360",0,1
"seq2361",0,1
"seq2362",0,1
"seq2363",0,1
"seq2364",0,1
"seq2365",0,1
"seq2366",0,1
"seq2367",0,1
"seq2368",0,1
"seq2369",0,1
"seq237",0,1
"seq2370",0,1
"seq2371",0,1
"seq2372",0,1
"seq2373",0,1
"seq2374",0,1
"seq2375",0,1
"seq2376",0,1
"seq2377",0,1
"seq2378",0,1
"seq2379",0,1
"seq238",0,1
"seq2380",0,3
"seq2381",0,1
"seq2382",0,1
"seq2383",0,1
"seq2384",0,1
"seq2385",0,2
"seq2386",0,1
"seq2387",0,1
"seq2388",0,1
"seq2389",0,1
"seq239",0,1
"seq2390",0,1
"seq2391",0,1
"seq2392",0,1
"seq2393",0,1
"seq2394",0,1
"seq2395",0,1
"seq2396",0,1
"seq2397",0,1
"seq2398",0,4
"seq2399",0,1
"seq24",1,0
"seq240",0,1
"seq2400",0,1
"seq2401",0,1
"seq2402",0,3
"seq2403",0,1
"seq2404",0,1
"seq2405",0,1
"seq2406",0,1
"seq2407",0,1
"seq2408",0,2
"seq2409",0,1
"seq241",0,1
"seq2410",0,1
"seq2411",0,1
"seq2412",0,1
"seq2413",0,1
"seq2414",0,1
"seq2415",0,1
"seq2416",0,1
"seq2417",0,1
"seq2418",0,2
"seq2419",0,1
"seq242",0,1
"seq2420",0,1
"seq2421",0,1
"seq2422",0,2
"seq2423",0,1
"seq2424",0,1
"seq2425",0,1
"seq2426",0,1
"seq2427",0,1
"seq2428",0,1
"seq2429",0,1
"seq243",0,1
"seq2430",0,1
"seq2431",0,1
"seq2432",0,3
"seq2433",0,1
"seq2434",0,2
"seq2435",0,1
"seq2436",0,1
"seq2437",0,1
"seq2438",0,1
"seq2439",0,1
"seq244",0,1
"seq2440",0,1
"seq2441",0,1
"seq2442",0,1
"seq2443",0,1
"seq2444",0,1
"seq2445",0,1
"seq2446",0,1
"seq2447",0,1
"seq2448",0,1
"seq2449",0,1
"seq245",0,1
"seq2450",0,1
"seq2451",0,1
"seq2452",0,1
"seq2453",0,1
"seq2454",0,1
"seq2455",0,1
"seq2456",0,1
"seq2457",0,1
"seq2458",0,1
"seq2459",0,2
"seq246",0,1
"seq2460",0,1
"seq2461",0,2
"seq2462",0,1
"seq2463",0,1
"seq2464",0,1
"seq2465",0,2
"seq2466",0,1
"seq2467",0,1
"seq2468",0,1
"seq2469",0,1
"seq247",0,1
"seq2470",0,1
"seq2471",0,1
"seq2472",0,1
"seq2473",0,1
"seq2474",0,1
"seq2475",0,1
"seq2476",0,1
"seq2477",0,1
"seq2478",0,1
"seq2479",0,1
"seq248",0,1
"seq2480",0,1
"seq2481",0,1
"seq2482",0,1
"seq2483",0,1
"seq2484",0,1
"seq2485",0,1
"seq2486",0,1
"seq2487",0,1
"seq2488",0,1
"seq2489",0,1
"seq249",0,2
"seq2490",0,1
"seq2491",0,1
"seq2492",0,1
"seq2493",0,1
"seq2494",0,1
"seq2495",0,1
"seq2496",0,1
"seq2497",0,1
"seq2498",0,1
"seq2499",0,1
"seq25",1,9
"seq250",0,1
"seq2500",0,1
"seq2501",0,1
"seq2502",0,2
"seq2503",0,2
"seq2504",0,1
"seq2505",0,1
"seq2506",0,1
"seq2507",0,1
"seq2508",0,1
"seq2509",0,1
"seq251",0,1
"seq2510",0,1
"seq2511",0,1
"seq2512",0,1
"seq2513",0,1
"seq2514",0,1
"seq2515",0,1
"seq2516",0,1
"seq2517",0,1
"seq2518",0,1
"seq2519",0,1
"seq252",0,1
"seq2520",0,1
"seq2521",0,1
"seq2522",0,1
"seq2523",0,1
"seq2524",0,1
"seq2525",0,1
"seq2526",0,1
"seq2527",0,1
"seq2528",0,1
"seq2529",0,1
"seq253",0,1
"seq2530",0,1
"seq2531",0,1
"seq2532",0,1
"seq2533",0,1
"seq2534",0,1
"seq2535",0,1
"seq2536",0,1
"seq2537",0,1
"seq2538",0,1
"seq2539",0,1
"seq254",0,1
"seq2540",0,1
"seq2541",0,1
"seq2542",0,1
"seq2543",0,1
"seq2544",0,1
"seq2545",0,1
"seq2546",0,1
"seq2547",0,1
"seq2548",0,1
"seq2549",0,1
"seq255",0,1
"seq2550",0,1
"seq2551",0,1
"seq2552",0,1
"seq2553",0,1
"seq2554",0,1
"seq2555",0,1
"seq2556",0,1
"seq2557",0,1
"seq2558",0,1
"seq2559",0,1
"seq256",0,1
"seq2560",0,1
"seq2561",0,1
"seq2562",0,1
"seq2563",0,1
"seq2564",0,2
"seq2565",0,1
"seq2566",0,2
"seq2567",0,1
"seq2568",0,1
"seq2569",0,1
"seq257",0,1
"seq2570",0,1
"seq2571",0,1
"seq2572",0,1
"seq2573",0,1
"seq2574",0,1
"seq2575",0,1
"seq2576",0,1
"seq2577",0,1
"seq2578",0,3
"seq2579",0,1
"seq258",0,1
"seq2580",0,1
"seq2581",0,1
"seq2582",0,2
"seq2583",0,1
"seq2584",0,1
"seq2585",0,1
"seq2586",0,1
"seq2587",0,1
"seq2588",0,1
"seq2589",0,1
"seq259",0,1
"seq2590",0,1
"seq2591",0,1
"seq2592",0,1
"seq2593",0,2
"seq2594",0,1
"seq2595",0,1
"seq2596",0,2
"seq2597",0,2
"seq2598",0,1
"seq2599",0,1
"seq26",1,2
"seq260",0,1
"seq2600",0,1
"seq2601",0,3
"seq2602",0,1
"seq2603",0,1
"seq2604",0,1
"seq2605",0,1
"seq2606",0,1
"seq2607",0,1
"seq2608",0,1
"seq2609",0,1
"seq261",0,3
"seq2610",0,1
"seq2611",0,1
"seq2612",0,1
"seq2613",0,1
"seq2614",0,1
"seq2615",0,3
"seq2616",0,1
"seq2617",0,1
"seq2618",0,1
"seq2619",0,1
"seq262",0,1
"seq2620",0,1
"seq2621",0,1
"seq2622",0,1
"seq2623",0,1
"seq2624",0,1
"seq2625",0,1
"seq2626",0,1
"seq2627",0,1
"seq2628",0,1
"seq2629",0,1
"seq263",0,1
"seq2630",0,1
"seq2631",0,1
"seq2632",0,1
"seq2633",0,1
"seq2634",0,1
"seq2635",0,1
"seq2636",0,1
"seq2637",0,1
"seq2638",0,1
"seq2639",0,1
"seq264",0,1
"seq2640",0,1
"seq2641",0,1
"seq2642",0,1
"seq2643",0,1
"seq2644",0,1
"seq2645",0,1
"seq2646",0,1
"seq2647",0,1
"seq2648",0,1
"seq2649",0,1
"seq265",0,1
"seq2650",0,1
"seq2651",0,1
"seq2652",0,1
"seq2653",0,1
"seq2654",0,1
"seq2655",0,1
"seq2656",0,1
"seq2657",0,1
"seq2658",0,1
"seq2659",0,1
"seq266",0,2
"seq2660",0,1
"seq2661",0,1
"seq2662",0,2
"seq2663",0,1
"seq2664",0,1
"seq2665",0,1
"seq2666",0,1
"seq2667",0,1
"seq2668",0,1
"seq2669",0,1
"seq267",0,1
"seq2670",0,1
"seq2671",0,1
"seq2672",0,1
"seq2673",0,1
"seq2674",0,1
"seq2675",0,1
"seq2676",0,1
"seq2677",0,1
"seq2678",0,1
"seq2679",0,1
"seq268",0,1
"seq2680",0,1
"seq2681",0,1
"seq2682",0,1
"seq2683",0,1
"seq2684",0,1
"seq2685",0,1
"seq2686",0,1
"seq2687",0,1
"seq2688",0,1
"seq2689",0,1
"seq269",0,1
"seq2690",0,1
"seq2691",0,1
"seq2692",0,1
"seq2693",0,1
"seq2694",0,1
"seq2695",0,1
"seq2696",0,1
"seq2697",0,1
"seq2698",0,1
"seq2699",0,1
"seq27",1,5
"seq270",0,2
"seq2700",0,1
"seq2701",0,1
"seq2702",0,1
"seq2703",0,1
"seq2704",0,1
"seq2705",0,1
"seq2706",0,1
"seq2707",0,2
"seq2708",0,1
"seq2709",0,1
"seq271",0,1
"seq2710",0,1
"seq2711",0,1
"seq2712",0,1
"seq2713",0,1
"seq2714",0,1
"seq2715",0,1
"seq2716",0,1
"seq2717",0,1
"seq2718",0,1
"seq2719",0,1
"seq272",0,1
"seq2720",0,1
"seq2721",0,1
"seq2722",0,1
"seq2723",0,1
"seq2724",0,1
"seq2725",0,1
"seq2726",0,1
"seq2727",0,1
"seq2728",0,1
"seq2729",0,1
"seq273",0,1
"seq2730",0,1
"seq2731",0,1
"seq2732",0,1
"seq2733",0,1
"seq2734",0,1
"seq2735",0,1
"seq2736",0,1
"seq2737",0,1
"seq2738",0,1
"seq2739",0,1
"seq274",0,1
"seq2740",0,1
"seq2741",0,1
"seq2742",0,1
"seq2743",0,1
"seq2744",0,1
"seq2745",0,1
"seq2746",0,1
"seq2747",0,1
"seq2748",0,1
"seq2749",0,1
"seq275",0,1
"seq2750",0,1
"seq2751",0,1
"seq2752",0,1
"seq2753",0,1
"seq2754",0,1
"seq2755",0,1
"seq2756",0,1
"seq2757",0,1
"seq2758",0,1
"seq2759",0,3
"seq276",0,1
"seq2760",0,1
"seq2761",0,1
"seq2762",0,1
"seq2763",0,1
"seq2764",0,1
"seq2765",0,1
"seq2766",0,1
"seq2767",0,1
"seq2768",0,1
"seq2769",0,1
"seq277",0,1
"seq2770",0,1
"seq2771",0,1
"seq2772",0,1
"seq2773",0,1
"seq2774",0,1
"seq2775",0,1
"seq2776",0,1
"seq2777",0,1
"seq2778",0,1
"seq2779",0,1
"seq278",0,1
"seq2780",0,1
"seq2781",0,1
"seq2782",0,1
"seq2783",0,1
"seq2784",0,1
"seq2785",0,1
"seq2786",0,1
"seq2787",0,1
"seq2788",0,1
"seq2789",0,2
"seq279",0,1
"seq2790",0,1
"seq2791",0,1
"seq2792",0,1
"seq2793",0,1
"seq2794",0,1
"seq2795",0,1
"seq2796",0,1
"seq2797",0,1
"seq2798",0,1
"seq2799",0,1
"seq28",1,0
"seq280",0,1
"seq2800",0,1
"seq2801",0,1
"seq2802",0,1
"seq2803",0,1
"seq2804",0,1
"seq2805",0,1
"seq2806",0,1
"seq2807",0,1
"seq2808",0,1
"seq2809",0,1
"seq281",0,1
"seq2810",0,1
"seq2811",0,1
"seq2812",0,1
"seq2813",0,1
"seq2814",0,1
"seq2815",0,1
"seq2816",0,1
"seq2817",0,1
"seq2818",0,1
"seq2819",0,1
"seq282",0,1
"seq2820",0,1
"seq2821",0,1
"seq2822",0,1
"seq2823",0,1
"seq2824",0,1
"seq2825",0,1
"seq2826",0,1
"seq2827",0,1
"seq2828",0,1
"seq2829",0,1
"seq283",0,1
"seq2830",0,1
"seq2831",0,1
"seq2832",0,1
"seq2833",0,1
"seq2834",0,1
"seq2835",0,1
"seq2836",0,1
"seq2837",0,1
"seq2838",0,1
"seq2839",0,1
"seq284",0,1
"seq2840",0,1
"seq2841",0,1
"seq2842",0,1
"seq2843",0,1
"seq2844",0,1
"seq2845",0,1
"seq2846",0,1
"seq2847",0,1
"seq2848",0,1
"seq2849",0,1
"seq285",0,1
"seq2850",0,1
"seq2851",0,1
"seq2852",0,1
"seq2853",0,1
"seq2854",0,1
"seq2855",0,1
"seq2856",0,1
"seq2857",0,1
"seq2858",0,1
"seq2859",0,1
"seq286",0,1
"seq2860",0,1
"seq2861",0,1
"seq2862",0,1
"seq2863",0,1
"seq2864",0,1
"seq2865",0,1
"seq2866",0,1
"seq2867",0,1
"seq2868",0,1
"seq2869",0,1
"seq287",0,2
"seq2870",0,1
"seq2871",0,1
"seq2872",0,1
"seq2873",0,1
"seq2874",0,1
"seq2875",0,1
"seq2876",0,1
"seq2877",0,1
"seq2878",0,1
"seq2879",0,1
"seq288",0,2
"seq2880",0,1
"seq2881",0,1
"seq2882",0,1
"seq2883",0,1
"seq2884",0,1
"seq2885",0,1
"seq2886",0,1
"seq2887",0,1
"seq2888",0,1
"seq2889",0,1
"seq289",0,1
"seq2890",0,1
"seq2891",0,1
"seq2892",0,1
"seq2893",0,1
"seq2894",0,1
"seq2895",0,1
"seq2896",0,1
"seq2897",0,1
"seq2898",0,1
"seq2899",0,1
"seq29",1,0
"seq290",0,1
"seq2900",0,1
"seq2901",0,1
"seq2902",0,1
"seq2903",0,1
"seq2904",0,1
"seq2905",0,1
"seq2906",0,1
"seq2907",0,1
"seq2908",0,1
"seq2909",0,1
"seq291",0,1
"seq2910",0,1
"seq2911",0,1
"seq2912",0,1
"seq2913",0,1
"seq2914",0,1
"seq2915",0,1
"seq2916",0,1
"seq2917",0,1
"seq2918",0,1
"seq2919",0,1
"seq292",0,1
"seq2920",0,1
"seq2921",0,1
"seq2922",0,1
"seq2923",0,1
"seq2924",0,1
"seq2925",0,2
"seq2926",0,4
"seq2927",0,1
"seq2928",0,1
"seq2929",0,1
"seq293",0,1
"seq2930",0,1
"seq2931",0,1
"seq2932",0,1
"seq2933",0,1
"seq2934",0,1
"seq2935",0,1
"seq2936",0,1
"seq2937",0,1
"seq2938",0,1
"seq2939",0,1
"seq294",0,1
"seq2940",0,1
"seq2941",0,1
"seq2942",0,1
"seq2943",0,1
"seq2944",0,2
"seq2945",0,2
"seq2946",0,1
"seq2947",0,1
"seq2948",0,1
"seq2949",0,1
"seq295",0,1
"seq2950",0,1
"seq2951",0,1
"seq2952",0,1
"seq2953",0,1
"seq2954",0,1
"seq2955",0,1
"seq2956",0,1
"seq2957",0,1
"seq2958",0,1
"seq2959",0,1
"seq296",0,1
"seq2960",0,1
"seq2961",0,1
"seq2962",0,1
"seq2963",0,1
"seq2964",0,1
"seq2965",0,1
"seq2966",0,1
"seq2967",0,1
"seq2968",0,1
"seq2969",0,1
"seq297",0,1
"seq2970",0,1
"seq2971",0,1
"seq2972",0,1
"seq2973",0,1
"seq2974",0,1
"seq2975",0,1
"seq2976",0,1
"seq2977",0,1
"seq2978",0,1
"seq2979",0,1
"seq298",0,1
"seq2980",0,1
"seq2981",0,1
"seq2982",0,1
"seq2983",0,1
"seq2984",0,1
"seq2985",0,1
"seq2986",0,1
"seq2987",0,1
"seq2988",0,1
"seq2989",0,1
"seq299",0,1
"seq2990",0,1
"seq2991",0,1
"seq2992",0,1
"seq2993",0,1
"seq2994",0,1
"seq2995",0,1
"seq2996",0,1
"seq2997",0,1
"seq2998",0,1
"seq2999",0,1
"seq3",1,0
"seq30",1,1
"seq300",0,1
"seq3000",0,1
"seq3001",0,1
"seq3002",0,1
"seq3003",0,1
"seq3004",0,3
"seq3005",0,4
"seq3006",0,1
"seq3007",0,1
"seq3008",0,1
"seq3009",0,1
"seq301",0,1
"seq3010",0,1
"seq3011",0,1
"seq3012",0,4
"seq3013",0,1
"seq3014",0,1
"seq3015",0,1
"seq3016",0,1
"seq3017",0,1
"seq3018",0,1
"seq3019",0,1
"seq302",0,1
"seq3020",0,1
"seq3021",0,3
"seq3022",0,1
"seq3023",0,1
"seq3024",0,1
"seq3025",0,1
"seq3026",0,1
"seq3027",0,1
"seq3028",0,1
"seq3029",0,1
"seq303",0,1
"seq3030",0,4
"seq3031",0,3
"seq3032",0,1
"seq3033",0,1
"seq3034",0,1
"seq3035",0,1
"seq3036",0,1
"seq3037",0,1
"seq3038",0,1
"seq3039",0,1
"seq304",0,1
"seq3040",0,3
"seq3041",0,1
"seq3042",0,1
"seq3043",0,1
"seq3044",0,1
"seq3045",0,1
"seq3046",0,1
"seq3047",0,1
"seq3048",0,1
"seq3049",0,1
"seq305",0,1
"seq3050",0,2
"seq3051",0,1
"seq3052",0,1
"seq3053",0,1
"seq3054",0,1
"seq3055",0,1
"seq3056",0,1
"seq3057",0,1
"seq3058",0,3
"seq3059",0,3
"seq306",0,2
"seq3060",0,1
"seq3061",0,6
"seq3062",0,1
"seq3063",0,1
"seq3064",0,1
"seq3065",0,1
"seq3066",0,2
"seq3067",0,1
"seq3068",0,1
"seq3069",0,2
"seq307",0,1
"seq3070",0,31
"seq3071",0,1
"seq3072",0,1
"seq3073",0,1
"seq3074",0,1
"seq3075",0,6
"seq3076",0,2
"seq3077",0,6
"seq3078",0,1
"seq3079",0,2
"seq308",0,1
"seq3080",0,6
"seq3081",0,1
"seq3082",0,1
"seq3083",0,13
"seq3084",0,1
"seq3085",0,1
"seq3086",0,1
"seq3087",0,1
"seq3088",0,3
"seq3089",0,1
"seq309",0,1
"seq3090",0,1
"seq3091",0,1
"seq3092",0,1
"seq3093",0,1
"seq3094",0,1
"seq3095",0,1
"seq3096",0,1
"seq3097",0,1
"seq3098",0,1
"seq3099",0,2
"seq31",1,1
"seq310",0,1
"seq3100",0,1
"seq3101",0,1
"seq3102",0,1
"seq3103",0,1
"seq3104",0,1
"seq3105",0,1
"seq3106",0,1
"seq3107",0,1
"seq3108",0,3
"seq3109",0,2
"seq311",0,1
"seq3110",0,1
"seq3111",0,1
"seq3112",0,1
"seq3113",0,1
"seq3114",0,1
"seq3115",0,1
"seq3116",0,7
"seq3117",0,4
"seq3118",0,1
"seq3119",0,4
"seq312",0,1
"seq3120",0,1
"seq3121",0,9
"seq3122",0,1
"seq3123",0,1
"seq3124",0,1
"seq3125",0,1
"seq3126",0,1
"seq3127",0,1
"seq3128",0,1
"seq3129",0,1
"seq313",0,1
"seq3130",0,4
"seq3131",0,1
"seq3132",0,2
"seq3133",0,1
"seq3134",0,1
"seq3135",0,2
"seq3136",0,1
"seq3137",0,1
"seq3138",0,1
"seq3139",0,1
"seq314",0,1
"seq3140",0,1
"seq3141",0,1
"seq3142",0,1
"seq3143",0,1
"seq3144",0,1
"seq3145",0,1
"seq3146",0,2
"seq3147",0,1
"seq3148",0,4
"seq3149",0,1
"seq315",0,1
"seq3150",0,1
"seq3151",0,1
"seq3152",0,1
"seq3153",0,1
"seq3154",0,1
"seq3155",0,1
"seq3156",0,1
"seq3157",0,1
"seq3158",0,1
"seq3159",0,1
"seq316",0,1
"seq3160",0,1
"seq3161",0,2
"seq3162",0,1
"seq3163",0,1
"seq3164",0,1
"seq3165",0,1
"seq3166",0,1
"seq3167",0,1
"seq3168",0,2
"seq3169",0,2
"seq317",0,1
"seq3170",0,3
"seq3171",0,1
"seq3172",0,1
"seq3173",0,1
"seq3174",0,1
"seq3175",0,1
"seq3176",0,1
"seq3177",0,1
"seq3178",0,1
"seq3179",0,1
"seq318",0,1
"seq3180",0,1
"seq3181",0,1
"seq3182",0,1
"seq3183",0,1
"seq3184",0,1
"seq3185",0,1
"seq3186",0,1
"seq3187",0,1
"seq3188",0,1
"seq3189",0,1
"seq319",0,1
"seq3190",0,1
"seq3191",0,1
"seq3192",0,1
"seq3193",0,1
"seq3194",0,1
"seq3195",0,1
"seq3196",0,1
"seq3197",0,1
"seq3198",0,1
"seq3199",0,1
"seq32",1,0
"seq320",0,1
"seq3200",0,1
"seq3201",0,1
"seq3202",0,1
"seq3203",0,1
"seq3204",0,1
"seq3205",0,1
"seq3206",0,2
"seq3207",0,1
"seq3208",0,1
"seq3209",0,1
"seq321",0,1
"seq3210",0,1
"seq3211",0,1
"seq3212",0,1
"seq3213",0,1
"seq3214",0,1
"seq3215",0,1
"seq3216",0,1
"seq3217",0,1
"seq3218",0,1
"seq3219",0,1
"seq322",0,1
"seq3220",0,1
"seq3221",0,1
"seq3222",0,1
"seq3223",0,1
"seq3224",0,1
"seq3225",0,1
"seq3226",0,1
"seq3227",0,1
"seq3228",0,1
"seq3229",0,1
"seq323",0,1
"seq3230",0,16
"seq3231",0,1
"seq3232",0,2
"seq3233",0,1
"seq3234",0,4
"seq3235",0,2
"seq3236",0,1
"seq3237",0,4
"seq3238",0,1
"seq3239",0,1
"seq324",0,1
"seq3240",0,64
"seq3241",0,1
"seq3242",0,1
"seq3243",0,17
"seq3244",0,9
"seq3245",0,1
"seq3246",0,1
"seq3247",0,2
"seq3248",0,1
"seq3249",0,1
"seq325",0,1
"seq3250",0,1
"seq3251",0,6
"seq3252",0,1
"seq3253",0,2
"seq3254",0,110
"seq3255",0,1
"seq3256",0,1
"seq3257",0,7
"seq3258",0,1
"seq3259",0,2
"seq326",0,1
"seq3260",0,3
"seq3261",0,2
"seq3262",0,1
"seq3263",0,1
"seq3264",0,1
"seq3265",0,1
"seq3266",0,1
"seq3267",0,1
"seq3268",0,1
"seq3269",0,1
"seq327",0,1
"seq3270",0,6
"seq3271",0,15
"seq3272",0,1
"seq3273",0,3
"seq3274",0,2
"seq3275",0,6
"seq3276",0,2
"seq3277",0,1
"seq3278",0,3
"seq3279",0,1
"seq328",0,1
"seq3280",0,1
"seq3281",0,1
"seq3282",0,1
"seq3283",0,1
"seq3284",0,1
"seq3285",0,1
"seq3286",0,1
"seq3287",0,6
"seq3288",0,2
"seq3289",0,2
"seq329",0,1
"seq3290",0,1
"seq3291",0,2
"seq3292",0,1
"seq3293",0,1
"seq3294",0,3
"seq3295",0,5
"seq3296",0,1
"seq3297",0,1
"seq3298",0,1
"seq3299",0,1
"seq33",1,0
"seq330",0,1
"seq3300",0,1
"seq3301",0,1
"seq3302",0,1
"seq3303",0,1
"seq3304",0,5
"seq3305",0,11
"seq3306",0,2
"seq3307",0,1
"seq3308",0,1
"seq3309",0,1
"seq331",0,1
"seq3310",0,1
"seq3311",0,1
"seq3312",0,1
"seq3313",0,1
"seq3314",0,1
"seq3315",0,1
"seq3316",0,1
"seq3317",0,1
"seq3318",0,1
"seq3319",0,4
"seq332",0,1
"seq3320",0,1
"seq3321",0,2
"seq3322",0,1
"seq3323",0,1
"seq3324",0,1
"seq3325",0,1
"seq3326",0,1
"seq3327",0,1
"seq3328",0,1
"seq3329",0,1
"seq333",0,1
"seq3330",0,1
"seq3331",0,1
"seq3332",0,1
"seq3333",0,1
"seq3334",0,2
"seq3335",0,1
"seq3336",0,1
"seq3337",0,1
"seq3338",0,9
"seq3339",0,1
"seq334",0,3
"seq3340",0,1
"seq3341",0,1
"seq3342",0,1
"seq3343",0,1
"seq3344",0,2
"seq3345",0,3
"seq3346",0,1
"seq3347",0,1
"seq3348",0,1
"seq3349",0,5
"seq335",0,1
"seq3350",0,1
"seq3351",0,4
"seq3352",0,1
"seq3353",0,2
"seq3354",0,2
"seq3355",0,1
"seq3356",0,2
"seq3357",0,3
"seq3358",0,1
"seq3359",0,1
"seq336",0,1
"seq3360",0,1
"seq3361",0,2
"seq3362",0,1
"seq3363",0,2
"seq3364",0,2
"seq3365",0,1
"seq3366",0,1
"seq3367",0,1
"seq3368",0,2
"seq3369",0,3
"seq337",0,1
"seq3370",0,1
"seq3371",0,1
"seq3372",0,1
"seq3373",0,1
"seq3374",0,1
"seq3375",0,1
"seq3376",0,2
"seq3377",0,4
"seq3378",0,1
"seq3379",0,3
"seq338",0,1
"seq3380",0,1
"seq3381",0,1
"seq3382",0,1
"seq3383",0,1
"seq3384",0,2
"seq3385",0,1
"seq3386",0,1
"seq3387",0,1
"seq3388",0,1
"seq3389",0,2
"seq339",0,1
"seq3390",0,1
"seq3391",0,1
"seq3392",0,1
"seq3393",0,1
"seq3394",0,1
"seq3395",0,4
"seq3396",0,1
"seq3397",0,1
"seq3398",0,1
"seq3399",0,3
"seq34",1,1
"seq340",0,1
"seq3400",0,1
"seq3401",0,1
"seq3402",0,1
"seq3403",0,1
"seq3404",0,1
"seq3405",0,1
"seq3406",0,2
"seq3407",0,1
"seq3408",0,1
"seq3409",0,1
"seq341",0,1
"seq3410",0,5
"seq3411",0,1
"seq3412",0,1
"seq3413",0,3
"seq3414",0,2
"seq3415",0,1
"seq3416",0,10
"seq3417",0,1
"seq3418",0,2
"seq3419",0,3
"seq342",0,1
"seq3420",0,1
"seq3421",0,1
"seq3422",0,1
"seq3423",0,1
"seq3424",0,1
"seq3425",0,1
"seq3426",0,2
"seq3427",0,2
"seq3428",0,6
"seq3429",0,1
"seq343",0,1
"seq3430",0,1
"seq3431",0,1
"seq3432",0,1
"seq3433",0,1
"seq3434",0,1
"seq3435",0,1
"seq3436",0,2
"seq3437",0,1
"seq3438",0,1
"seq3439",0,1
"seq344",0,1
"seq3440",0,1
"seq3441",0,1
"seq3442",0,1
"seq3443",0,1
"seq3444",0,1
"seq3445",0,1
"seq3446",0,1
"seq3447",0,1
"seq3448",0,1
"seq3449",0,1
"seq345",0,2
"seq3450",0,1
"seq3451",0,2
"seq3452",0,1
"seq3453",0,1
"seq3454",0,2
"seq3455",0,1
"seq3456",0,1
"seq3457",0,1
"seq3458",0,1
"seq3459",0,1
"seq346",0,1
"seq3460",0,1
"seq3461",0,1
"seq3462",0,3
"seq3463",0,1
"seq3464",0,1
"seq3465",0,1
"seq3466",0,5
"seq3467",0,3
"seq3468",0,1
"seq3469",0,1
"seq347",0,1
"seq3470",0,2
"seq3471",0,1
"seq3472",0,1
"seq3473",0,1
"seq3474",0,1
"seq3475",0,1
"seq3476",0,1
"seq3477",0,2
"seq3478",0,1
"seq3479",0,1
"seq348",0,1
"seq3480",0,1
"seq3481",0,3
"seq3482",0,1
"seq3483",0,1
"seq3484",0,1
"seq3485",0,1
"seq3486",0,1
"seq3487",0,2
"seq3488",0,1
"seq3489",0,2
"seq349",0,1
"seq3490",0,1
"seq3491",0,1
"seq3492",0,1
"seq3493",0,1
"seq3494",0,2
"seq3495",0,1
"seq3496",0,1
"seq3497",0,1
"seq3498",0,2
"seq3499",0,1
"seq35",1,13
"seq350",0,1
"seq3500",0,2
"seq3501",0,1
"seq3502",0,1
"seq3503",0,1
"seq3504",0,1
"seq3505",0,2
"seq3506",0,1
"seq3507",0,3
"seq3508",0,1
"seq3509",0,1
"seq351",0,1
"seq3510",0,1
"seq3511",0,2
"seq3512",0,1
"seq3513",0,1
"seq3514",0,1
"seq3515",0,1
"seq3516",0,1
"seq3517",0,1
"seq3518",0,1
"seq3519",0,1
"seq352",0,2
"seq3520",0,1
"seq3521",0,1
"seq3522",0,1
"seq3523",0,2
"seq3524",0,1
"seq3525",0,1
"seq3526",0,1
"seq3527",0,1
"seq3528",0,1
"seq3529",0,1
"seq353",0,1
"seq3530",0,1
"seq3531",0,1
"seq3532",0,1
"seq3533",0,1
"seq3534",0,1
"seq3535",0,1
"seq3536",0,4
"seq3537",0,1
"seq3538",0,1
"seq3539",0,1
"seq354",0,1
"seq3540",0,1
"seq3541",0,1
"seq3542",0,1
"seq3543",0,1
"seq3544",0,1
"seq3545",0,1
"seq3546",0,1
"seq3547",0,1
"seq3548",0,1
"seq3549",0,2
"seq355",0,1
"seq3550",0,1
"seq3551",0,2
"seq3552",0,1
"seq3553",0,1
"seq3554",0,1
"seq3555",0,1
"seq3556",0,1
"seq3557",0,3
"seq3558",0,1
"seq3559",0,1
"seq356",0,1
"seq3560",0,1
"seq3561",0,1
"seq3562",0,1
"seq3563",0,2
"seq3564",0,1
"seq3565",0,1
"seq3566",0,1
"seq3567",0,1
"seq3568",0,1
"seq3569",0,2
"seq357",0,1
"seq3570",0,1
"seq3571",0,1
"seq3572",0,1
"seq3573",0,1
"seq3574",0,1
"seq3575",0,1
"seq3576",0,1
"seq3577",0,1
"seq3578",0,2
"seq3579",0,1
"seq358",0,2
"seq3580",0,2
"seq3581",0,1
"seq3582",0,1
"seq3583",0,1
"seq3584",0,1
"seq3585",0,1
"seq3586",0,1
"seq3587",0,1
"seq3588",0,1
"seq3589",0,1
"seq359",0,1
"seq3590",0,1
"seq3591",0,1
"seq3592",0,1
"seq3593",0,1
"seq3594",0,1
"seq3595",0,1
"seq3596",0,2
"seq3597",0,1
"seq3598",0,1
"seq3599",0,1
"seq36",1,0
"seq360",0,1
"seq3600",0,1
"seq3601",0,1
"seq3602",0,1
"seq3603",0,2
"seq3604",0,1
"seq3605",0,1
"seq3606",0,1
"seq3607",0,1
"seq3608",0,1
"seq3609",0,1
"seq361",0,1
"seq3610",0,1
"seq3611",0,1
"seq3612",0,3
"seq3613",0,1
"seq3614",0,1
"seq3615",0,1
"seq3616",0,1
"seq3617",0,1
"seq3618",0,1
"seq3619",0,1
"seq362",0,1
"seq3620",0,1
"seq3621",0,1
"seq3622",0,1
"seq3623",0,1
"seq3624",0,1
"seq3625",0,1
"seq3626",0,1
"seq3627",0,1
"seq3628",0,1
"seq3629",0,1
"seq363",0,1
"seq3630",0,1
"seq3631",0,1
"seq3632",0,1
"seq3633",0,1
"seq3634",0,1
"seq3635",0,1
"seq3636",0,1
"seq3637",0,1
"seq3638",0,1
"seq3639",0,2
"seq364",0,1
"seq3640",0,1
"seq3641",0,1
"seq3642",0,1
"seq3643",0,2
"seq3644",0,1
"seq3645",0,1
"seq3646",0,1
"seq3647",0,1
"seq3648",0,1
"seq3649",0,1
"seq365",0,1
"seq3650",0,1
"seq3651",0,2
"seq3652",0,1
"seq3653",0,1
"seq3654",0,1
"seq3655",0,1
"seq3656",0,1
"seq3657",0,1
"seq3658",0,1
"seq3659",0,1
"seq366",0,1
"seq3660",0,1
"seq3661",0,1
"seq3662",0,1
"seq3663",0,1
"seq3664",0,1
"seq3665",0,1
"seq3666",0,1
"seq3667",0,1
"seq3668",0,1
"seq3669",0,1
"seq367",0,2
"seq3670",0,1
"seq3671",0,1
"seq3672",0,1
"seq3673",0,1
"seq3674",0,1
"seq3675",0,1
"seq3676",0,1
"seq3677",0,1
"seq3678",0,1
"seq3679",0,1
"seq368",0,1
"seq3680",0,1
"seq3681",0,1
"seq3682",0,1
"seq3683",0,1
"seq3684",0,1
"seq3685",0,1
"seq3686",0,1
"seq3687",0,1
"seq3688",0,2
"seq3689",0,1
"seq369",0,1
"seq3690",0,1
"seq3691",0,1
"seq3692",0,1
"seq3693",0,1
"seq3694",0,1
"seq3695",0,1
"seq3696",0,1
"seq3697",0,1
"seq3698",0,1
"seq3699",0,1
"seq37",1,0
"seq370",0,1
"seq3700",0,1
"seq3701",0,1
"seq3702",0,1
"seq3703",0,1
"seq3704",0,1
"seq3705",0,1
"seq3706",0,1
"seq3707",0,6
"seq3708",0,1
"seq3709",0,2
"seq371",0,1
"seq3710",0,1
"seq3711",0,1
"seq3712",0,1
"seq3713",0,1
"seq3714",0,1
"seq3715",0,1
"seq3716",0,1
"seq3717",0,1
"seq3718",0,1
"seq3719",0,4
"seq372",0,1
"seq3720",0,2
"seq3721",0,1
"seq3722",0,1
"seq3723",0,1
"seq3724",0,1
"seq3725",0,3
"seq3726",0,1
"seq3727",0,1
"seq3728",0,1
"seq3729",0,1
"seq373",0,1
"seq3730",0,1
"seq3731",0,1
"seq3732",0,1
"seq3733",0,1
"seq3734",0,1
"seq3735",0,1
"seq3736",0,1
"seq3737",0,1
"seq3738",0,1
"seq3739",0,1
"seq374",0,1
"seq3740",0,1
"seq3741",0,1
"seq3742",0,3
"seq3743",0,1
"seq3744",0,2
"seq3745",0,1
"seq3746",0,2
"seq3747",0,1
"seq3748",0,3
"seq3749",0,1
"seq375",0,1
"seq3750",0,1
"seq3751",0,4
"seq3752",0,1
"seq3753",0,1
"seq3754",0,2
"seq376",0,1
"seq377",0,1
"seq378",0,1
"seq379",0,1
"seq38",1,4
"seq380",0,2
"seq381",0,1
"seq382",0,1
"seq383",0,1
"seq384",0,2
"seq385",0,1
"seq386",0,1
"seq387",0,1
"seq388",0,1
"seq389",0,1
"seq39",1,0
"seq390",0,1
"seq391",0,1
"seq392",0,1
"seq393",0,1
"seq394",0,1
"seq395",0,1
"seq396",0,1
"seq397",0,1
"seq398",0,1
"seq399",0,1
"seq4",1,0
"seq40",1,0
"seq400",0,1
"seq401",0,1
"seq402",0,1
"seq403",0,1
"seq404",0,1
"seq405",0,1
"seq406",0,1
"seq407",0,1
"seq408",0,1
"seq409",0,1
"seq41",1,0
"seq410",0,2
"seq411",0,1
"seq412",0,1
"seq413",0,1
"seq414",0,1
"seq415",0,1
"seq416",0,1
"seq417",0,1
"seq418",0,1
"seq419",0,1
"seq42",1,0
"seq420",0,1
"seq421",0,1
"seq422",0,1
"seq423",0,1
"seq424",0,1
"seq425",0,1
"seq426",0,1
"seq427",0,1
"seq428",0,1
"seq429",0,1
"seq43",1,0
"seq430",0,1
"seq431",0,1
"seq432",0,1
"seq433",0,1
"seq434",0,1
"seq435",0,1
"seq436",0,1
"seq437",0,1
"seq438",0,1
"seq439",0,1
"seq44",1,0
"seq440",0,1
"seq441",0,1
"seq442",0,1
"seq443",0,1
"seq444",0,1
"seq445",0,1
"seq446",0,1
"seq447",0,1
"seq448",0,1
"seq449",0,191
"seq45",1,0
"seq450",0,126
"seq451",0,33
"seq452",0,22
"seq453",0,1
"seq454",0,1
"seq455",0,15
"seq456",0,1
"seq457",0,27
"seq458",0,6
"seq459",0,2
"seq46",1,0
"seq460",0,3
"seq461",0,3
"seq462",0,1
"seq463",0,2
"seq464",0,1
"seq465",0,1
"seq466",0,1
"seq467",0,2
"seq468",0,1
"seq469",0,1
"seq47",1,0
"seq470",0,1
"seq471",0,17
"seq472",0,1
"seq473",0,218
"seq474",0,5
"seq475",0,1
"seq476",0,14
"seq477",0,1
"seq478",0,4
"seq479",0,1
"seq48",1,0
"seq480",0,1
"seq481",0,99
"seq482",0,3
"seq483",0,26
"seq484",0,4
"seq485",0,2
"seq486",0,1
"seq487",0,2
"seq488",0,1
"seq489",0,1
"seq49",1,1
"seq490",0,2
"seq491",0,1
"seq492",0,1
"seq493",0,98
"seq494",0,1
"seq495",0,2
"seq496",0,1
"seq497",0,1
"seq498",0,18
"seq499",0,1
"seq5",1,0
"seq50",0,1
"seq500",0,12
"seq501",0,1
"seq502",0,5
"seq503",0,1
"seq504",0,2
"seq505",0,35
"seq506",0,3
"seq507",0,1
"seq508",0,1
"seq509",0,1
"seq51",0,1
"seq510",0,8
"seq511",0,1
"seq512",0,1
"seq513",0,7
"seq514",0,1
"seq515",0,1
"seq516",0,4
"seq517",0,9
"seq518",0,3
"seq519",0,1
"seq52",0,2
"seq520",0,1
"seq521",0,1
"seq522",0,34
"seq523",0,2
"seq524",0,1
"seq525",0,5
"seq526",0,1
"seq527",0,1
"seq528",0,1
"seq529",0,1
"seq53",0,1
"seq530",0,1
"seq531",0,11
"seq532",0,11
"seq533",0,18
"seq534",0,3
"seq535",0,1
"seq536",0,3
"seq537",0,1
"seq538",0,1
"seq539",0,1
"seq54",0,1
"seq540",0,1
"seq541",0,1
"seq542",0,2
"seq543",0,1
"seq544",0,8
"seq545",0,9
"seq546",0,1
"seq547",0,1
"seq548",0,1
"seq549",0,3
"seq55",0,2
"seq550",0,1
"seq551",0,1
"seq552",0,1
"seq553",0,1
"seq554",0,5
"seq555",0,3
"seq556",0,1
"seq557",0,1
"seq558",0,3
"seq559",0,1
"seq56",0,11
"seq560",0,1
"seq561",0,1
"seq562",0,5
"seq563",0,2
"seq564",0,10
"seq565",0,2
"seq566",0,1
"seq567",0,28
"seq568",0,1
"seq569",0,2
"seq57",0,1
"seq570",0,1
"seq571",0,1
"seq572",0,5
"seq573",0,1
"seq574",0,1
"seq575",0,1
"seq576",0,1
"seq577",0,1
"seq578",0,1
"seq579",0,1
"seq58",0,1
"seq580",0,4
"seq581",0,1
"seq582",0,4
"seq583",0,1
"seq584",0,1
"seq585",0,5
"seq586",0,1
"seq587",0,1
"seq588",0,1
"seq589",0,3
"seq59",0,1
"seq590",0,3
"seq591",0,1
"seq592",0,11
"seq593",0,1
"seq594",0,5
"seq595",0,1
"seq596",0,2
"seq597",0,1
"seq598",0,1
"seq599",0,1
"seq6",1,1
"seq60",0,3
"seq600",0,22
"seq601",0,2
"seq602",0,1
"seq603",0,1
"seq604",0,2
"seq605",0,1
"seq606",0,1
"seq607",0,2
"seq608",0,1
"seq609",0,1
"seq61",0,5
"seq610",0,1
"seq611",0,1
"seq612",0,5
"seq613",0,25
"seq614",0,1
"seq615",0,1
"seq616",0,6
"seq617",0,1
"seq618",0,1
"seq619",0,1
"seq62",0,1
"seq620",0,6
"seq621",0,1
"seq622",0,1
"seq623",0,1
"seq624",0,5
"seq625",0,1
"seq626",0,1
"seq627",0,1
"seq628",0,1
"seq629",0,1
"seq63",0,3
"seq630",0,1
"seq631",0,1
"seq632",0,2
"seq633",0,2
"seq634",0,6
"seq635",0,1
"seq636",0,1
"seq637",0,1
"seq638",0,1
"seq639",0,1
"seq64",0,1
"seq640",0,1
"seq641",0,1
"seq642",0,4
"seq643",0,1
"seq644",0,1
"seq645",0,1
"seq646",0,5
"seq647",0,1
"seq648",0,3
"seq649",0,1
"seq65",0,1
"seq650",0,4
"seq651",0,5
"seq652",0,1
"seq653",0,2
"seq654",0,3
"seq655",0,2
"seq656",0,1
"seq657",0,2
"seq658",0,1
"seq659",0,1
"seq66",0,1
"seq660",0,1
"seq661",0,1
"seq662",0,2
"seq663",0,3
"seq664",0,18
"seq665",0,1
"seq666",0,6
"seq667",0,2
"seq668",0,2
"seq669",0,1
"seq67",0,16
"seq670",0,1
"seq671",0,1
"seq672",0,1
"seq673",0,7
"seq674",0,1
"seq675",0,1
"seq676",0,4
"seq677",0,1
"seq678",0,1
"seq679",0,1
"seq68",0,1
"seq680",0,1
"seq681",0,1
"seq682",0,1
"seq683",0,1
"seq684",0,2
"seq685",0,5
"seq686",0,8
"seq687",0,5
"seq688",0,1
"seq689",0,2
"seq69",0,3
"seq690",0,1
"seq691",0,1
"seq692",0,1
"seq693",0,4
"seq694",0,2
"seq695",0,3
"seq696",0,2
"seq697",0,1
"seq698",0,1
"seq699",0,1
"seq7",2,10
"seq70",0,1
"seq700",0,1
"seq701",0,1
"seq702",0,1
"seq703",0,1
"seq704",0,1
"seq705",0,1
"seq706",0,3
"seq707",0,3
"seq708",0,1
"seq709",0,5
"seq71",0,3
"seq710",0,1
"seq711",0,1
"seq712",0,1
"seq713",0,4
"seq714",0,1
"seq715",0,1
"seq716",0,3
"seq717",0,1
"seq718",0,2
"seq719",0,1
"seq72",0,14
"seq720",0,4
"seq721",0,2
"seq722",0,1
"seq723",0,7
"seq724",0,1
"seq725",0,2
"seq726",0,1
"seq727",0,1
"seq728",0,5
"seq729",0,1
"seq73",0,2
"seq730",0,4
"seq731",0,1
"seq732",0,1
"seq733",0,1
"seq734",0,16
"seq735",0,1
"seq736",0,1
"seq737",0,1
"seq738",0,1
"seq739",0,1
"seq74",0,2
"seq740",0,1
"seq741",0,2
"seq742",0,1
"seq743",0,2
"seq744",0,2
"seq745",0,1
"seq746",0,3
"seq747",0,1
"seq748",0,2
"seq749",0,1
"seq75",0,2
"seq750",0,2
"seq751",0,8
"seq752",0,9
"seq753",0,1
"seq754",0,1
"seq755",0,1
"seq756",0,7
"seq757",0,2
"seq758",0,1
"seq759",0,2
"seq76",0,1
"seq760",0,2
"seq761",0,1
"seq762",0,1
"seq763",0,3
"seq764",0,1
"seq765",0,1
"seq766",0,1
"seq767",0,1
"seq768",0,1
"seq769",0,1
"seq77",0,1
"seq770",0,1
"seq771",0,1
"seq772",0,1
"seq773",0,4
"seq774",0,2
"seq775",0,2
"seq776",0,1
"seq777",0,1
"seq778",0,1
"seq779",0,5
"seq78",0,1
"seq780",0,2
"seq781",0,1
"seq782",0,1
"seq783",0,3
"seq784",0,1
"seq785",0,2
"seq786",0,1
"seq787",0,1
"seq788",0,1
"seq789",0,1
"seq79",0,1
"seq790",0,3
"seq791",0,2
"seq792",0,1
"seq793",0,2
"seq794",0,1
"seq795",0,1
"seq796",0,1
"seq797",0,1
"seq798",0,1
"seq799",0,1
"seq8",1,2
"seq80",0,1
"seq800",0,1
"seq801",0,1
"seq802",0,1
"seq803",0,1
"seq804",0,1
"seq805",0,1
"seq806",0,5
"seq807",0,1
"seq808",0,1
"seq809",0,1
"seq81",0,1
"seq810",0,1
"seq811",0,1
"seq812",0,1
"seq813",0,1
"seq814",0,1
"seq815",0,1
"seq816",0,1
"seq817",0,3
"seq818",0,2
"seq819",0,1
"seq82",0,1
"seq820",0,1
"seq821",0,1
"seq822",0,1
"seq823",0,1
"seq824",0,1
"seq825",0,1
"seq826",0,2
"seq827",0,1
"seq828",0,1
"seq829",0,1
"seq83",0,8
"seq830",0,1
"seq831",0,1
"seq832",0,1
"seq833",0,1
"seq834",0,2
"seq835",0,1
"seq836",0,1
"seq837",0,1
"seq838",0,1
"seq839",0,1
"seq84",0,1
"seq840",0,1
"seq841",0,1
"seq842",0,1
"seq843",0,1
"seq844",0,1
"seq845",0,1
"seq846",0,1
"seq847",0,1
"seq848",0,2
"seq849",0,1
"seq85",0,1
"seq850",0,1
"seq851",0,1
"seq852",0,1
"seq853",0,1
"seq854",0,1
"seq855",0,2
"seq856",0,1
"seq857",0,2
"seq858",0,1
"seq859",0,1
"seq86",0,2
"seq860",0,1
"seq861",0,1
"seq862",0,1
"seq863",0,1
"seq864",0,1
"seq865",0,1
"seq866",0,1
"seq867",0,1
"seq868",0,1
"seq869",0,1
"seq87",0,1
"seq870",0,1
"seq871",0,2
"seq872",0,1
"seq873",0,1
"seq874",0,1
"seq875",0,1
"seq876",0,1
"seq877",0,1
"seq878",0,2
"seq879",0,1
"seq88",0,1
"seq880",0,2
"seq881",0,1
"seq882",0,1
"seq883",0,1
"seq884",0,1
"seq885",0,1
"seq886",0,1
"seq887",0,5
"seq888",0,1
"seq889",0,1
"seq89",0,1
"seq890",0,1
"seq891",0,1
"seq892",0,1
"seq893",0,1
"seq894",0,1
"seq895",0,1
"seq896",0,3
"seq897",0,4
"seq898",0,7
"seq899",0,1
"seq9",1,0
"seq90",0,8
"seq900",0,2
"seq901",0,1
"seq902",0,1
"seq903",0,1
"seq904",0,1
"seq905",0,1
"seq906",0,1
"seq907",0,2
"seq908",0,1
"seq909",0,1
"seq91",0,3
"seq910",0,1
"seq911",0,2
"seq912",0,2
"seq913",0,10
"seq914",0,1
"seq915",0,1
"seq916",0,1
"seq917",0,1
"seq918",0,1
"seq919",0,1
"seq92",0,1
"seq920",0,1
"seq921",0,5
"seq922",0,1
"seq923",0,6
"seq924",0,19
"seq925",0,1
"seq926",0,52
"seq927",0,9
"seq928",0,338
"seq929",0,15
"seq93",0,4
"seq930",0,1
"seq931",0,1
"seq932",0,453
"seq933",0,1
"seq934",0,2
"seq935",0,1
"seq936",0,45
"seq937",0,2
"seq938",0,6
"seq939",0,9
"seq94",0,1
"seq940",0,5
"seq941",0,1
"seq942",0,1
"seq943",0,3
"seq944",0,5
"seq945",0,10
"seq946",0,1
"seq947",0,1
"seq948",0,82
"seq949",0,1
"seq95",0,1
"seq950",0,1
"seq951",0,3
"seq952",0,3
"seq953",0,1
"seq954",0,1
"seq955",0,2
"seq956",0,2
"seq957",0,15
"seq958",0,1
"seq959",0,121
"seq96",0,1
"seq960",0,1
"seq961",0,1
"seq962",0,1
"seq963",0,2
"seq964",0,6
"seq965",0,1
"seq966",0,2
"seq967",0,23
"seq968",0,1
"seq969",0,1
"seq97",0,1
"seq970",0,1
"seq971",0,1
"seq972",0,1
"seq973",0,1
"seq974",0,2
"seq975",0,1
"seq976",0,6
"seq977",0,2
"seq978",0,1
"seq979",0,25
"seq98",0,1
"seq980",0,1
"seq981",0,1
"seq982",0,26
"seq983",0,1
"seq984",0,1
"seq985",0,1
"seq986",0,1
"seq987",0,1
"seq988",0,1
"seq989",0,1
"seq99",0,1
"seq990",0,6
"seq991",0,8
"seq992",0,1
"seq993",0,1
"seq994",0,1
"seq995",0,5
"seq996",0,7
"seq997",0,1
"seq998",0,2
"seq999",0,13
